{
  "creationTimeStamp" : "2020-03-13T07:25:31.802Z",
  "modifiedTimeStamp" : "2020-03-13T07:25:31.802Z",
  "createdBy" : "sas.dataMining",
  "modifiedBy" : "sas.dataMining",
  "id" : "dm.filter.template",
  "links" : [ {
    "method" : "GET",
    "rel" : "up",
    "href" : "/analyticsGateway/componentTemplates",
    "uri" : "/analyticsGateway/componentTemplates",
    "type" : "application/vnd.sas.collection"
  }, {
    "method" : "GET",
    "rel" : "exportComponentTemplate",
    "href" : "/analyticsGateway/componentTemplates/dm.filter.template",
    "uri" : "/analyticsGateway/componentTemplates/dm.filter.template",
    "type" : "application/octet-stream"
  }, {
    "method" : "GET",
    "rel" : "self",
    "href" : "/analyticsGateway/componentTemplates/dm.filter.template",
    "uri" : "/analyticsGateway/componentTemplates/dm.filter.template",
    "type" : "application/vnd.sas.analytics.component.template"
  }, {
    "method" : "GET",
    "rel" : "transferExport",
    "href" : "/analyticsGateway/componentTemplates/dm.filter.template",
    "uri" : "/analyticsGateway/componentTemplates/dm.filter.template",
    "type" : "application/vnd.sas.transfer.object"
  }, {
    "method" : "GET",
    "rel" : "localizationContext",
    "href" : "/analyticsLocalization/contexts/dm.service.nls",
    "uri" : "/analyticsLocalization/contexts/dm.service.nls",
    "type" : "application/vnd.sas.analytics.localization.context"
  } ],
  "name" : "Filtering",
  "description" : "Excludes observations from analysis based on specified criteria.",
  "revision" : 1,
  "version" : 3,
  "prototype" : {
    "creationTimeStamp" : "2020-03-13T07:25:31.796Z",
    "modifiedTimeStamp" : "2020-03-13T07:25:31.808Z",
    "createdBy" : "sas.dataMining",
    "modifiedBy" : "sas.dataMining",
    "id" : "8fea3f54-9b61-4e8e-86cd-a7289a6d9c55",
    "name" : "Filtering",
    "description" : "Excludes observations from analysis based on specified criteria.",
    "revision" : 1,
    "iconCode" : "",
    "imageUri" : null,
    "executionProviderId" : "Compute",
    "code" : null,
    "classification" : "filter",
    "group" : "pre_process",
    "status" : "undefined",
    "componentProperties" : {
      "classFilterMethod" : "MINPCT",
      "minFreq" : 1,
      "minPercent" : 1,
      "maxValues" : 25,
      "keepMissingClass" : true,
      "intervalFilterMethod" : "STDDEV",
      "altIntervalMethod" : "STDDEV",
      "madsCutoff" : 9,
      "percentsCutoff" : 0.5,
      "stddevCutoff" : 3,
      "keepMissingInterval" : true,
      "filterFlagRole" : "FILTER"
    },
    "systemAttributes" : {
      "casSessionId" : "",
      "userDefined" : false,
      "modeling" : false,
      "trainOnly" : true,
      "prefix" : "flt",
      "version" : "1",
      "component" : "filter",
      "scoreCodeFormat" : "DS1",
      "codeFile" : "filter.sas",
      "codeFormat" : "FILE",
      "codeLanguage" : "SAS",
      "codeLocation" : "mlearning",
      "fullDatasetReconstitution" : false,
      "_omitJsonListing" : true,
      "_omitTextListing" : true,
      "_omitSessionResults" : true,
      "dataMiningVersion" : "V8.5"
    },
    "validationModel" : null,
    "validationErrors" : null,
    "version" : null,
    "componentPropertyMetadata" : null
  },
  "applicationId" : "datamining",
  "classification" : "filter",
  "providerId" : "SAS",
  "group" : "pre_process",
  "hidden" : false
}