{
  "creationTimeStamp" : "2020-03-13T07:25:26.917Z",
  "modifiedTimeStamp" : "2020-03-13T07:25:26.919Z",
  "createdBy" : "sas.dataMining",
  "modifiedBy" : "sas.dataMining",
  "id" : "dm.cs_reject.template",
  "links" : [ {
    "method" : "GET",
    "rel" : "up",
    "href" : "/analyticsGateway/componentTemplates",
    "uri" : "/analyticsGateway/componentTemplates",
    "type" : "application/vnd.sas.collection"
  }, {
    "method" : "GET",
    "rel" : "exportComponentTemplate",
    "href" : "/analyticsGateway/componentTemplates/dm.cs_reject.template",
    "uri" : "/analyticsGateway/componentTemplates/dm.cs_reject.template",
    "type" : "application/octet-stream"
  }, {
    "method" : "GET",
    "rel" : "self",
    "href" : "/analyticsGateway/componentTemplates/dm.cs_reject.template",
    "uri" : "/analyticsGateway/componentTemplates/dm.cs_reject.template",
    "type" : "application/vnd.sas.analytics.component.template"
  }, {
    "method" : "GET",
    "rel" : "transferExport",
    "href" : "/analyticsGateway/componentTemplates/dm.cs_reject.template",
    "uri" : "/analyticsGateway/componentTemplates/dm.cs_reject.template",
    "type" : "application/vnd.sas.transfer.object"
  }, {
    "method" : "GET",
    "rel" : "localizationContext",
    "href" : "/analyticsLocalization/contexts/cs.service.nls",
    "uri" : "/analyticsLocalization/contexts/cs.service.nls",
    "type" : "application/vnd.sas.analytics.localization.context"
  } ],
  "name" : "Reject Inference",
  "description" : "Augments the training data by inferring target values in an unlabeled scoring data set. This technique is often used to address sample selection bias.",
  "revision" : 1,
  "version" : 3,
  "prototype" : {
    "creationTimeStamp" : "2020-03-13T07:25:26.910Z",
    "modifiedTimeStamp" : "2020-03-13T07:25:26.927Z",
    "createdBy" : "sas.dataMining",
    "modifiedBy" : "sas.dataMining",
    "id" : "2c3b7da0-8e45-4752-b8f0-2b7b3455d53f",
    "name" : "Reject Inference",
    "description" : "Augments the training data by inferring target values in an unlabeled scoring data set. This technique is often used to address sample selection bias.",
    "revision" : 1,
    "iconCode" : "",
    "imageUri" : null,
    "executionProviderId" : "Compute",
    "code" : null,
    "classification" : "cs_reject",
    "group" : "pre_process",
    "status" : "undefined",
    "componentProperties" : {
      "rejectInputCaslib" : "",
      "rejectInputTableName" : "",
      "rejectInputTableUri" : "",
      "rejectRate" : 0.3,
      "rateIncrease" : 1,
      "cutOffScore" : 200,
      "minScore" : 0,
      "maxScore" : 250,
      "randomSeed" : 12345,
      "numScoreBuckets" : 25,
      "inferenceMethod" : "HARDCUTOFF",
      "scoreRangeMethod" : "ACCEPTS"
    },
    "systemAttributes" : {
      "casSessionId" : "",
      "userDefined" : false,
      "modeling" : false,
      "trainOnly" : false,
      "prefix" : "cs_reject",
      "version" : "1",
      "component" : "cs_reject",
      "scoreCodeFormat" : "DS1",
      "codeFile" : "cs_reject.sas",
      "codeLocation" : "vriskmdsvr",
      "codeFormat" : "FILE",
      "codeLanguage" : "SAS",
      "_omitJsonListing" : true,
      "_omitTextListing" : true,
      "_omitSessionResults" : true,
      "dataMiningVersion" : "V8.5"
    },
    "validationModel" : null,
    "validationErrors" : null,
    "version" : null,
    "componentPropertyMetadata" : null
  },
  "applicationId" : "datamining",
  "classification" : "cs_reject",
  "providerId" : "SAS",
  "group" : "pre_process",
  "hidden" : false
}