{
  "creationTimeStamp" : "2020-03-13T07:25:43.743Z",
  "modifiedTimeStamp" : "2020-03-13T07:25:43.752Z",
  "createdBy" : "sas.dataMining",
  "modifiedBy" : "sas.dataMining",
  "id" : "dm.linearreg.template",
  "links" : [ {
    "method" : "GET",
    "rel" : "up",
    "href" : "/analyticsGateway/componentTemplates",
    "uri" : "/analyticsGateway/componentTemplates",
    "type" : "application/vnd.sas.collection"
  }, {
    "method" : "GET",
    "rel" : "exportComponentTemplate",
    "href" : "/analyticsGateway/componentTemplates/dm.linearreg.template",
    "uri" : "/analyticsGateway/componentTemplates/dm.linearreg.template",
    "type" : "application/octet-stream"
  }, {
    "method" : "GET",
    "rel" : "self",
    "href" : "/analyticsGateway/componentTemplates/dm.linearreg.template",
    "uri" : "/analyticsGateway/componentTemplates/dm.linearreg.template",
    "type" : "application/vnd.sas.analytics.component.template"
  }, {
    "method" : "GET",
    "rel" : "transferExport",
    "href" : "/analyticsGateway/componentTemplates/dm.linearreg.template",
    "uri" : "/analyticsGateway/componentTemplates/dm.linearreg.template",
    "type" : "application/vnd.sas.transfer.object"
  }, {
    "method" : "GET",
    "rel" : "localizationContext",
    "href" : "/analyticsLocalization/contexts/dm.service.nls",
    "uri" : "/analyticsLocalization/contexts/dm.service.nls",
    "type" : "application/vnd.sas.analytics.localization.context"
  } ],
  "name" : "Linear Regression",
  "description" : "Fits an ordinary least squares regression model for an interval target.",
  "revision" : 1,
  "version" : 3,
  "prototype" : {
    "creationTimeStamp" : "2020-03-13T07:25:43.727Z",
    "modifiedTimeStamp" : "2020-03-13T07:25:43.762Z",
    "createdBy" : "sas.dataMining",
    "modifiedBy" : "sas.dataMining",
    "id" : "939ef226-a483-4bad-a7aa-1fd9ee4d1f52",
    "name" : "Linear Regression",
    "description" : "Fits an ordinary least squares regression model for an interval target.",
    "revision" : 1,
    "iconCode" : "",
    "imageUri" : "/dataMining/images/linearreg.svg",
    "executionProviderId" : "Compute",
    "code" : null,
    "classification" : "linearreg",
    "group" : "supervised",
    "status" : "undefined",
    "componentProperties" : {
      "train" : true,
      "factorInteractions" : false,
      "factorSplit" : false,
      "useSpline" : false,
      "useSplineSplit" : false,
      "usePolynomial" : false,
      "polynomialDegree" : "2",
      "suppressIntercept" : false,
      "informativeMiss" : false,
      "missAsLvl" : false,
      "selectMethod" : "STEPWISE",
      "selectCriterion" : "SBC",
      "stopCriterion" : "SBC",
      "chooseCriterion" : "SBC",
      "slEntry" : 0.05,
      "slStay" : 0.05,
      "maxEffects" : 0,
      "minEffects" : 0,
      "maxSteps" : 0,
      "hierarchy" : "NONE",
      "exactPctlLift" : true,
      "performVI" : false,
      "pdPlots" : false,
      "icePlots" : false,
      "performLime" : false,
      "performKernelShap" : false,
      "maxNumShapVars" : 20,
      "specifyRows" : "RANDOM",
      "explainInfo" : false,
      "explainFidelity" : false,
      "pdNumImportantInputs" : 5,
      "pdObsSamples" : 1000,
      "nBins" : 50,
      "truncateLl" : 5,
      "truncateUl" : 95,
      "seedId" : 12345
    },
    "systemAttributes" : {
      "casSessionId" : "",
      "userDefined" : false,
      "modeling" : true,
      "trainOnly" : false,
      "prefix" : "linearreg",
      "version" : "1",
      "component" : "linearreg",
      "scoreCodeFormat" : "DS1",
      "codeFile" : "linearreg.sas",
      "codeFormat" : "FILE",
      "codeLanguage" : "SAS",
      "codeLocation" : "mlearning",
      "fullDatasetReconstitution" : false,
      "_omitJsonListing" : true,
      "_omitTextListing" : true,
      "_omitSessionResults" : true,
      "dataMiningVersion" : "V8.5"
    },
    "validationModel" : null,
    "validationErrors" : null,
    "version" : null,
    "componentPropertyMetadata" : {
      "performVI" : {
        "omitFromModified" : true
      },
      "pdPlots" : {
        "omitFromModified" : true
      },
      "icePlots" : {
        "omitFromModified" : true
      },
      "performLime" : {
        "omitFromModified" : true
      },
      "performKernelShap" : {
        "omitFromModified" : true
      },
      "maxNumShapVars" : {
        "omitFromModified" : true
      },
      "specifyRows" : {
        "omitFromModified" : true
      },
      "indvRow" : {
        "omitFromModified" : true
      },
      "indvRow_2" : {
        "omitFromModified" : true
      },
      "indvRow_3" : {
        "omitFromModified" : true
      },
      "indvRow_4" : {
        "omitFromModified" : true
      },
      "indvRow_5" : {
        "omitFromModified" : true
      },
      "explainInfo" : {
        "omitFromModified" : true
      },
      "explainFidelity" : {
        "omitFromModified" : true
      },
      "pdNumImportantInputs" : {
        "omitFromModified" : true
      },
      "pdObsSamples" : {
        "omitFromModified" : true
      },
      "nBins" : {
        "omitFromModified" : true
      },
      "truncateLl" : {
        "omitFromModified" : true
      },
      "truncateUl" : {
        "omitFromModified" : true
      },
      "seedId" : {
        "omitFromModified" : true
      }
    }
  },
  "applicationId" : "datamining",
  "classification" : "linearreg",
  "providerId" : "SAS",
  "group" : "supervised",
  "hidden" : false
}