{
  "creationTimeStamp" : "2020-03-13T07:25:26.063Z",
  "modifiedTimeStamp" : "2020-03-13T07:25:26.065Z",
  "createdBy" : "sas.dataMining",
  "modifiedBy" : "sas.dataMining",
  "id" : "dm.cs_ign.template",
  "links" : [ {
    "method" : "GET",
    "rel" : "up",
    "href" : "/analyticsGateway/componentTemplates",
    "uri" : "/analyticsGateway/componentTemplates",
    "type" : "application/vnd.sas.collection"
  }, {
    "method" : "GET",
    "rel" : "exportComponentTemplate",
    "href" : "/analyticsGateway/componentTemplates/dm.cs_ign.template",
    "uri" : "/analyticsGateway/componentTemplates/dm.cs_ign.template",
    "type" : "application/octet-stream"
  }, {
    "method" : "GET",
    "rel" : "self",
    "href" : "/analyticsGateway/componentTemplates/dm.cs_ign.template",
    "uri" : "/analyticsGateway/componentTemplates/dm.cs_ign.template",
    "type" : "application/vnd.sas.analytics.component.template"
  }, {
    "method" : "GET",
    "rel" : "transferExport",
    "href" : "/analyticsGateway/componentTemplates/dm.cs_ign.template",
    "uri" : "/analyticsGateway/componentTemplates/dm.cs_ign.template",
    "type" : "application/vnd.sas.transfer.object"
  }, {
    "method" : "GET",
    "rel" : "localizationContext",
    "href" : "/analyticsLocalization/contexts/cs.service.nls",
    "uri" : "/analyticsLocalization/contexts/cs.service.nls",
    "type" : "application/vnd.sas.analytics.localization.context"
  } ],
  "name" : "Interactive Grouping",
  "description" : "Group variable values into classes that can be used as input variables for predictive modeling.",
  "revision" : 1,
  "version" : 3,
  "prototype" : {
    "creationTimeStamp" : "2020-03-13T07:25:26.042Z",
    "modifiedTimeStamp" : "2020-03-13T07:25:26.082Z",
    "createdBy" : "sas.dataMining",
    "modifiedBy" : "sas.dataMining",
    "id" : "af2d5ae9-c991-4f83-a26b-f48c6061c26c",
    "name" : "Interactive Grouping",
    "description" : "Group variable values into classes that can be used as input variables for predictive modeling.",
    "revision" : 1,
    "iconCode" : "",
    "imageUri" : null,
    "executionProviderId" : "Compute",
    "code" : null,
    "classification" : "cs_ign",
    "group" : "pre_process",
    "status" : "undefined",
    "componentProperties" : {
      "advancedMode" : false,
      "numGroups" : 4,
      "missingAsLevel" : true,
      "groupRareLevels" : true,
      "rareLevelsCutoff" : 0.5,
      "freeze" : false,
      "importGrouping" : false,
      "importData" : "",
      "importDataTableName" : "",
      "importDataCasLib" : "",
      "importWoe" : "NONE",
      "applyLevelRule" : false,
      "binMethod" : "QUANTILE",
      "numBins" : 20,
      "useCodes" : false,
      "codesData" : "",
      "codesDataTableName" : "",
      "codesDataCasLib" : "",
      "groupint" : "OPTIMAL",
      "groupord" : "OPTIMAL",
      "missingValue" : "POPULAR",
      "ignCriterion" : "ENTROPY",
      "applyMonotonicity" : true,
      "applyMinNumBins" : true,
      "minNumBins" : 2,
      "applyMinNumNonEvent" : true,
      "minNumNonEvent" : 1,
      "applyMinNumEvent" : true,
      "minNumEvent" : 1,
      "applyMaxBinTotal" : true,
      "maxBinTotal" : 23250,
      "applyMinBinDiff" : true,
      "minBinDiff" : 0.01,
      "advancedConstraints" : "",
      "maxBranch" : 5,
      "precision" : 2,
      "applyMinDist" : true,
      "minDistMethod" : "PERCENT",
      "minPercentDist" : 5,
      "minCountDist" : 1,
      "woeAdjust" : true,
      "adjustFactor" : 0.5,
      "grpMsmnt" : "ORDINAL",
      "varSelMethod" : "INFOVAL",
      "giniCutoff" : 20,
      "infoValCutoff" : 0.1,
      "createGrouping" : false,
      "createMethod" : "OVERWRITE",
      "maxVar" : 10
    },
    "systemAttributes" : {
      "casSessionId" : "",
      "userDefined" : false,
      "modeling" : false,
      "trainOnly" : true,
      "prefix" : "cs_ign",
      "version" : "1",
      "component" : "cs_ign",
      "scoreCodeFormat" : "DS1",
      "codeFile" : "cs_ign.sas",
      "codeLocation" : "mlearning",
      "codeFormat" : "FILE",
      "codeLanguage" : "SAS",
      "_omitJsonListing" : true,
      "_omitTextListing" : true,
      "_omitSessionResults" : true,
      "dataMiningVersion" : "V8.5",
      "interactiveSave" : false
    },
    "validationModel" : null,
    "validationErrors" : null,
    "version" : null,
    "componentPropertyMetadata" : null
  },
  "applicationId" : "datamining",
  "classification" : "cs_ign",
  "providerId" : "SAS",
  "group" : "pre_process",
  "hidden" : false
}