{
  "creationTimeStamp" : "2020-03-13T07:25:28.014Z",
  "modifiedTimeStamp" : "2020-03-13T07:25:28.015Z",
  "createdBy" : "sas.dataMining",
  "modifiedBy" : "sas.dataMining",
  "id" : "dm.data.template",
  "links" : [ {
    "method" : "GET",
    "rel" : "up",
    "href" : "/analyticsGateway/componentTemplates",
    "uri" : "/analyticsGateway/componentTemplates",
    "type" : "application/vnd.sas.collection"
  }, {
    "method" : "GET",
    "rel" : "exportComponentTemplate",
    "href" : "/analyticsGateway/componentTemplates/dm.data.template",
    "uri" : "/analyticsGateway/componentTemplates/dm.data.template",
    "type" : "application/octet-stream"
  }, {
    "method" : "GET",
    "rel" : "self",
    "href" : "/analyticsGateway/componentTemplates/dm.data.template",
    "uri" : "/analyticsGateway/componentTemplates/dm.data.template",
    "type" : "application/vnd.sas.analytics.component.template"
  }, {
    "method" : "GET",
    "rel" : "transferExport",
    "href" : "/analyticsGateway/componentTemplates/dm.data.template",
    "uri" : "/analyticsGateway/componentTemplates/dm.data.template",
    "type" : "application/vnd.sas.transfer.object"
  }, {
    "method" : "GET",
    "rel" : "localizationContext",
    "href" : "/analyticsLocalization/contexts/dm.service.nls",
    "uri" : "/analyticsLocalization/contexts/dm.service.nls",
    "type" : "application/vnd.sas.analytics.localization.context"
  } ],
  "name" : "Data",
  "description" : "Defines all the information about the data set.",
  "revision" : 1,
  "version" : 3,
  "prototype" : {
    "creationTimeStamp" : "2020-03-13T07:25:28.002Z",
    "modifiedTimeStamp" : "2020-03-13T07:25:28.027Z",
    "createdBy" : "sas.dataMining",
    "modifiedBy" : "sas.dataMining",
    "id" : "9944b674-ce3f-44cd-a34d-4aed85c0f1b0",
    "name" : "Data",
    "description" : "Defines all the information about the data set.",
    "revision" : 1,
    "iconCode" : "",
    "imageUri" : null,
    "executionProviderId" : "datamining",
    "code" : null,
    "classification" : "data",
    "group" : "data",
    "status" : "undefined",
    "componentProperties" : { },
    "systemAttributes" : {
      "dataMiningVersion" : "V8.5",
      "codeLocation" : "mlearning",
      "fullDatasetReconstitution" : false,
      "prefix" : "data"
    },
    "validationModel" : null,
    "validationErrors" : null,
    "version" : null,
    "componentPropertyMetadata" : null
  },
  "applicationId" : "datamining",
  "classification" : "data",
  "providerId" : "SAS",
  "group" : "data",
  "hidden" : true
}